<processorBurst>
    <infoProcessor>
        <version>version</version>
        <timeprocessing>_timeprocessing_</timeprocessing>
    </infoProcessor>
    <infoSLCproduct>
        <filenameSLC>_filenameSLC_</filenameSLC>
    </infoSLCproduct>
    <infoBurstProduct>
        <numberSwath>_numberSwath_</numberSwath>
        <numberBurst>_numberBurst_</numberBurst>
        <startTimeBurst>_startTimeBurst_</startTimeBurst> 
        <geolocationGridPoint>
            <cornerUpLeft>_cornerUpLeft_</cornerUpLeft>  
            <cornerDownLeft>_cornerDownLeft_</cornerDownLeft> 
            <cornerUpRigth>_cornerUpRigth_</cornerUpRigth>  
            <cornerDownRigth>_cornerDownRigth_</cornerDownRigth>  
        </geolocationGridPoint>  
        <filenameBurst>_filenameBurst_</filenameBurst>
        <sizefilenameBurst>_sizefilenameBurst_</sizefilenameBurst>
         <md5>_md5_</md5>            
    </infoBurstProduct>
</processorBurst>