/* java -cp ~/.m2/repository/org/hsqldb/hsqldb/2.3.1/hsqldb-2.3.1.jar org.hsqldb.util.DatabaseManagerSwing */
/* QUOTAS ****************************************************************************/
INSERT INTO PUBLIC.QUOTAS(ID, CONNECTIONS, DOWNLOADS, UPLOADS) VALUES(0, 15, 3, 5)
INSERT INTO PUBLIC.QUOTAS(ID, CONNECTIONS, DOWNLOADS, UPLOADS) VALUES(1, 75, 0, 0)
INSERT INTO PUBLIC.QUOTAS(ID, CONNECTIONS, DOWNLOADS, UPLOADS) VALUES(2, 7, 1, 0)
INSERT INTO PUBLIC.QUOTAS(ID, CONNECTIONS, DOWNLOADS, UPLOADS) VALUES(3, 12, 8, 2)
/* Add users *************************************************************************/
INSERT INTO PUBLIC.USERS(ID, LOGIN, PASSWORD, PASSWORD_ENCRYPTION, CREATED, UPDATED, DELETED, EMAIL) VALUES(0, 'koko', 'koko', 'NONE', '2014-06-03 15:35:05.037000', '2014-06-03 15:35:05.037000', FALSE, 'koko@kokoFactories.fr');
INSERT INTO PUBLIC.USERS(ID, LOGIN, PASSWORD, PASSWORD_ENCRYPTION, CREATED, UPDATED, DELETED) VALUES(1, 'riko', 'koko', 'NONE', '2014-06-03 15:35:05.037000', '2014-06-03 15:35:05.037000', TRUE);
INSERT INTO PUBLIC.USERS(ID, LOGIN, PASSWORD, PASSWORD_ENCRYPTION, CREATED, UPDATED, DELETED) VALUES(2, 'toto', 'koko', 'NONE', '2014-06-03 15:35:05.037000', '2014-06-03 15:35:05.037000', FALSE);
INSERT INTO PUBLIC.USERS(ID, LOGIN, PASSWORD, PASSWORD_ENCRYPTION, CREATED, UPDATED, DELETED) VALUES(3, 'babar', 'koko', 'NONE', '2014-06-03 15:35:05.037000', '2014-06-03 15:35:05.037000', FALSE);
-- add roles AUTHED, SEARCH, DOWNLOAD, UPLOAD, DATA_MANAGER, USER_MANAGER, SYSTEM_MANAGER, ARCHIVE_MANAGER, STATISTICS
INSERT INTO PUBLIC.USER_ROLES(USER_ID, ROLES) VALUES(0, 'AUTHED')
INSERT INTO PUBLIC.USER_ROLES(USER_ID, ROLES) VALUES(1, 'AUTHED')
INSERT INTO PUBLIC.USER_ROLES(USER_ID, ROLES) VALUES(2, 'AUTHED')
INSERT INTO PUBLIC.USER_ROLES(USER_ID, ROLES) VALUES(3, 'AUTHED')
-- add Quota
UPDATE USERS SET QUOTA_ID = 0 WHERE ID = 0
UPDATE USERS SET QUOTA_ID = 1 WHERE ID = 1
UPDATE USERS SET QUOTA_ID = 2 WHERE ID = 2
UPDATE USERS SET QUOTA_ID = 3 WHERE ID = 3

/* Preferences ***********************************************************************************/
INSERT INTO PREFERENCES VALUES(0)
INSERT INTO PREFERENCES VALUES(1)
INSERT INTO PREFERENCES VALUES(2)
INSERT INTO PREFERENCES VALUES(3)
-- set users preferences 1 3 2 0
UPDATE PUBLIC.USERS AS u SET u.PREFERENCES_ID = 0 WHERE u.ID = 0
UPDATE PUBLIC.USERS AS u SET u.PREFERENCES_ID = 1 WHERE u.ID = 1
UPDATE PUBLIC.USERS AS u SET u.PREFERENCES_ID = 2 WHERE u.ID = 2
UPDATE PUBLIC.USERS AS u SET u.PREFERENCES_ID = 3 WHERE u.ID = 3

/* Add Products **********************************************************************************/
INSERT INTO PUBLIC.PRODUCTS(ID, CREATED, UPDATED, LOCKED, PATH, PROCESSED, IDENTIFIER, UUID, OWNER_ID, DOWNLOAD_PATH) VALUES(0, '2014-06-05 15:35:05.037000', '2014-06-05 21:35:05.037000', FALSE, 'file:/home/lambert/test/prod0', TRUE, 'prod0', 'aaaaaaaaaaaaaaaaaaaaaaaaaaaaaaa0', 0, 'file:/home/lambert/test/prod0')

INSERT INTO PUBLIC.PRODUCTS(ID, CREATED, UPDATED, LOCKED, PATH, PROCESSED, IDENTIFIER, UUID, OWNER_ID) VALUES(1, '2014-06-05 15:35:05.037000', '2014-06-05 20:35:05.037000', TRUE, 'file:/home/lambert/test/prod1', FALSE, 'prod1','aaaaaaaaaaaaaaaaaaaaaaaaaaaaaaa1', 0)

INSERT INTO PUBLIC.PRODUCTS(ID, CREATED, UPDATED, LOCKED, PATH, PROCESSED, IDENTIFIER, SIZE, UUID, DOWNLOAD_PATH, OWNER_ID) VALUES(2, '2014-06-02 15:35:05.037000', '2014-06-05 19:35:05.037000', FALSE, 'file:/home/lambert/test/prod2', FALSE, 'prod2', 512,'aaaaaaaaaaaaaaaaaaaaaaaaaaaaaaa2', 'downloadPath', 3)

INSERT INTO PUBLIC.PRODUCTS(ID, CREATED, UPDATED, LOCKED, PATH, PROCESSED, IDENTIFIER, UUID, OWNER_ID) VALUES(3, '2014-06-03 15:35:05.037000', '2014-06-05 18:35:05.037000', FALSE, 'file:/home/lambert/test/prod3', FALSE, 'prod3','aaaaaaaaaaaaaaaaaaaaaaaaaaaaaaa3', 2)

INSERT INTO PUBLIC.PRODUCTS(ID, CREATED, UPDATED, LOCKED, PATH, PROCESSED, IDENTIFIER, ORIGIN, SIZE, UUID) VALUES(4, '2014-06-06 15:35:05.037000', '2014-06-12 17:35:05.037000', TRUE, 'file:/home/lambert/test/prod4', FALSE, 'prod4', 'space', 1042,'aaaaaaaaaaaaaaaaaaaaaaaaaaaaaaa4')

INSERT INTO PUBLIC.PRODUCTS(ID, CREATED, UPDATED, LOCKED, PATH, PROCESSED, IDENTIFIER, UUID) VALUES(5, '2014-06-07 15:35:05.037000', '2014-06-16 16:35:05.037000', FALSE, 'file:/home/lambert/test/prod5', TRUE, 'prod5','aaaaaaaaaaaaaaaaaaaaaaaaaaaaaaa5')

INSERT INTO PUBLIC.PRODUCTS(ID, CREATED, UPDATED, LOCKED, PATH, PROCESSED, IDENTIFIER, UUID, ORIGIN, DOWNLOAD_PATH) VALUES(6, '2014-06-07 15:35:05.037000', '2014-06-16 15:35:05.037000', FALSE, 'file:/home/lambert/test/prod6', TRUE, 'prod6','aaaaaaaaaaaaaaaaaaaaaaaaaaaaaaa6', 'space', 'file:/home/lambert/test/prod6')
-- product authorized user
INSERT INTO PUBLIC.PRODUCT_USER_AUTH(PRODUCTS_ID, USERS_ID) VALUES(0, 0)
INSERT INTO PUBLIC.PRODUCT_USER_AUTH(PRODUCTS_ID, USERS_ID) VALUES(0, 1)
INSERT INTO PUBLIC.PRODUCT_USER_AUTH(PRODUCTS_ID, USERS_ID) VALUES(0, 2)
INSERT INTO PUBLIC.PRODUCT_USER_AUTH(PRODUCTS_ID, USERS_ID) VALUES(0, 3)

INSERT INTO PUBLIC.PRODUCT_USER_AUTH(PRODUCTS_ID, USERS_ID) VALUES(1, 0)

INSERT INTO PUBLIC.PRODUCT_USER_AUTH(PRODUCTS_ID, USERS_ID) VALUES(2, 1)
INSERT INTO PUBLIC.PRODUCT_USER_AUTH(PRODUCTS_ID, USERS_ID) VALUES(2, 2)

INSERT INTO PUBLIC.PRODUCT_USER_AUTH(PRODUCTS_ID, USERS_ID) VALUES(3, 2)
INSERT INTO PUBLIC.PRODUCT_USER_AUTH(PRODUCTS_ID, USERS_ID) VALUES(3, 3)

INSERT INTO PUBLIC.PRODUCT_USER_AUTH(PRODUCTS_ID, USERS_ID) VALUES(5, 0)
INSERT INTO PUBLIC.PRODUCT_USER_AUTH(PRODUCTS_ID, USERS_ID) VALUES(5, 2)
INSERT INTO PUBLIC.PRODUCT_USER_AUTH(PRODUCTS_ID, USERS_ID) VALUES(5, 3)

INSERT INTO PUBLIC.PRODUCT_USER_AUTH(PRODUCTS_ID, USERS_ID) VALUES(6, 0)

/* CHECKSUM **************************************************************************************/
INSERT INTO PUBLIC.CHECKSUMS(PRODUCT_ID, DOWNLOAD_CHECKSUM_ALGORITHM, DOWNLOAD_CHECKSUM_VALUE) VALUES (6, 'MD5','abc')
INSERT INTO PUBLIC.CHECKSUMS(PRODUCT_ID, DOWNLOAD_CHECKSUM_ALGORITHM, DOWNLOAD_CHECKSUM_VALUE) VALUES (6, 'SHA-1', 'acb')
INSERT INTO PUBLIC.CHECKSUMS(PRODUCT_ID, DOWNLOAD_CHECKSUM_ALGORITHM, DOWNLOAD_CHECKSUM_VALUE) VALUES (6, 'SHA-256', 'bac')
INSERT INTO PUBLIC.CHECKSUMS(PRODUCT_ID, DOWNLOAD_CHECKSUM_ALGORITHM, DOWNLOAD_CHECKSUM_VALUE) VALUES (2, 'MD5', 'MON MD5 PRODUCT 2')
/* Add MetadataIndex *****************************************************************************/
INSERT INTO PUBLIC.METADATA_INDEXES(NAME, TYPE, VALUE, PRODUCT_ID) VALUES('Size ', 'text/plain', '1GB', 2)
INSERT INTO PUBLIC.METADATA_INDEXES(NAME, TYPE, VALUE, PRODUCT_ID) VALUES('Name', 'text/plain', 'metadata', 2)
INSERT INTO PUBLIC.METADATA_INDEXES(NAME, TYPE, VALUE, PRODUCT_ID) VALUES('Size ', 'text/plain', '2GB', 1)
INSERT INTO PUBLIC.METADATA_INDEXES(NAME, TYPE, VALUE, PRODUCT_ID) VALUES('Name', 'text/plain', 'meta', 1)
INSERT INTO PUBLIC.METADATA_INDEXES(NAME, TYPE, VALUE, PRODUCT_ID) VALUES('deletable', 'text/plain', 'test', 6)

/* Add Collections + root collection *************************************************************/
INSERT INTO PUBLIC.COLLECTIONS(ID, NAME, DESCRIPTION, PARENT_COLLECTION_ID) VALUES(0, '#.root', 'Root of all the collections', NULL)
INSERT INTO PUBLIC.COLLECTIONS(ID, NAME, PARENT_COLLECTION_ID) VALUES(1, 'Asia', 0)
INSERT INTO PUBLIC.COLLECTIONS(ID, NAME, PARENT_COLLECTION_ID) VALUES(2, 'Africa', 0)
INSERT INTO PUBLIC.COLLECTIONS(ID, NAME, PARENT_COLLECTION_ID) VALUES(3, 'Japan', 1)
INSERT INTO PUBLIC.COLLECTIONS(ID, NAME, PARENT_COLLECTION_ID) VALUES(4, 'China', 1)
INSERT INTO PUBLIC.COLLECTIONS(ID, NAME, PARENT_COLLECTION_ID) VALUES(5, 'SouthAfrica', 2)
-- insert products in collection
INSERT INTO PUBLIC.COLLECTION_PRODUCT(COLLECTIONS_ID, PRODUCTS_ID) VALUES(1, 0)
INSERT INTO PUBLIC.COLLECTION_PRODUCT(COLLECTIONS_ID, PRODUCTS_ID) VALUES(1, 1)
INSERT INTO PUBLIC.COLLECTION_PRODUCT(COLLECTIONS_ID, PRODUCTS_ID) VALUES(1, 2)
INSERT INTO PUBLIC.COLLECTION_PRODUCT(COLLECTIONS_ID, PRODUCTS_ID) VALUES(1, 3)
INSERT INTO PUBLIC.COLLECTION_PRODUCT(COLLECTIONS_ID, PRODUCTS_ID) VALUES(1, 5)

INSERT INTO PUBLIC.COLLECTION_PRODUCT(COLLECTIONS_ID, PRODUCTS_ID) VALUES(2, 4)
INSERT INTO PUBLIC.COLLECTION_PRODUCT(COLLECTIONS_ID, PRODUCTS_ID) VALUES(2, 5)

INSERT INTO PUBLIC.COLLECTION_PRODUCT(COLLECTIONS_ID, PRODUCTS_ID) VALUES(3, 0)
INSERT INTO PUBLIC.COLLECTION_PRODUCT(COLLECTIONS_ID, PRODUCTS_ID) VALUES(3, 1)
INSERT INTO PUBLIC.COLLECTION_PRODUCT(COLLECTIONS_ID, PRODUCTS_ID) VALUES(3, 2)

INSERT INTO PUBLIC.COLLECTION_PRODUCT(COLLECTIONS_ID, PRODUCTS_ID) VALUES(4, 1)
INSERT INTO PUBLIC.COLLECTION_PRODUCT(COLLECTIONS_ID, PRODUCTS_ID) VALUES(4, 3)
-- add authorized users
INSERT INTO PUBLIC.COLLECTION_USER_AUTH(COLLECTIONS_ID, USERS_ID) VALUES(1, 2)

INSERT INTO PUBLIC.COLLECTION_USER_AUTH(COLLECTIONS_ID, USERS_ID) VALUES(2, 0)

INSERT INTO PUBLIC.COLLECTION_USER_AUTH(COLLECTIONS_ID, USERS_ID) VALUES(3, 0)
INSERT INTO PUBLIC.COLLECTION_USER_AUTH(COLLECTIONS_ID, USERS_ID) VALUES(3, 1)
INSERT INTO PUBLIC.COLLECTION_USER_AUTH(COLLECTIONS_ID, USERS_ID) VALUES(3, 2)

INSERT INTO PUBLIC.COLLECTION_USER_AUTH(COLLECTIONS_ID, USERS_ID) VALUES(4, 2)
INSERT INTO PUBLIC.COLLECTION_USER_AUTH(COLLECTIONS_ID, USERS_ID) VALUES(4, 3)

INSERT INTO PUBLIC.COLLECTION_USER_AUTH(COLLECTIONS_ID, USERS_ID) VALUES(5, 0)
INSERT INTO PUBLIC.COLLECTION_USER_AUTH(COLLECTIONS_ID, USERS_ID) VALUES(5, 3)
/* Add Searches **********************************************************************************/
INSERT INTO PUBLIC.SEARCHES(ID, COMPLETE, FOOTPRINT, NOTIFY, VALUE) VALUES(0, NULL, NULL, FALSE, 'value0')
INSERT INTO PUBLIC.SEARCHES(ID, COMPLETE, FOOTPRINT, NOTIFY, VALUE) VALUES(1, NULL, NULL, TRUE, 'value1')
INSERT INTO PUBLIC.SEARCHES(ID, COMPLETE, FOOTPRINT, NOTIFY, VALUE) VALUES(2, NULL, NULL, TRUE, 'value2')
INSERT INTO PUBLIC.SEARCHES(ID, COMPLETE, FOOTPRINT, NOTIFY, VALUE) VALUES(3, NULL, NULL, FALSE, 'value3')
-- add advances
INSERT INTO PUBLIC.SEARCH_ADVANCED(SEARCH_ID, ADVANCED, ADVANCED_KEY) VALUES(0, 'advanceValue', 'advanceKey')
-- add search preferences
INSERT INTO PUBLIC.SEARCH_PREFERENCES(PREFERENCE_ID, SEARCHES_ID) VALUES(0, 0)
INSERT INTO PUBLIC.SEARCH_PREFERENCES(PREFERENCE_ID, SEARCHES_ID) VALUES(0, 2)
INSERT INTO PUBLIC.SEARCH_PREFERENCES(PREFERENCE_ID, SEARCHES_ID) VALUES(1, 1)

/* Add AccessRestriction *************************************************************************/
INSERT INTO PUBLIC.ACCESS_RESTRICTION(ACCESS_RESTRICTION, ID, EXPIRED, BLOCKING_REASON) VALUES('locked', 1, TRUE, 'punition1')
INSERT INTO PUBLIC.ACCESS_RESTRICTION(ACCESS_RESTRICTION, ID, EXPIRED, BLOCKING_REASON) VALUES('expired', 0, FALSE, 'too late')
INSERT INTO PUBLIC.ACCESS_RESTRICTION(ACCESS_RESTRICTION, ID, EXPIRED, BLOCKING_REASON) VALUES('locked', 2, FALSE, 'punition2')
INSERT INTO PUBLIC.ACCESS_RESTRICTION(ACCESS_RESTRICTION, ID, EXPIRED, BLOCKING_REASON) VALUES('locked', 3, FALSE, 'punition3')
-- add User Restrictions
INSERT INTO PUBLIC.USER_RESTRICTIONS(USER_ID, RESTRICTION_ID) VALUES(0, 0)
INSERT INTO PUBLIC.USER_RESTRICTIONS(USER_ID, RESTRICTION_ID) VALUES(2, 1)
INSERT INTO PUBLIC.USER_RESTRICTIONS(USER_ID, RESTRICTION_ID) VALUES(2, 2)

/* Add files scanner *****************************************************************************/
INSERT INTO PUBLIC.FILE_SCANNER(ID, ACTIVE, STATUS, STATUS_MESSAGE, URL, USERNAME) VALUES(0, FALSE, 'ok', 'success', 'coco-abricot', 'test')
INSERT INTO PUBLIC.FILE_SCANNER(ID, ACTIVE, STATUS, STATUS_MESSAGE) VALUES(1, TRUE, 'running', 'running')
INSERT INTO PUBLIC.FILE_SCANNER(ID, ACTIVE, STATUS, STATUS_MESSAGE) VALUES(2, FALSE, 'error', 'failed')
INSERT INTO PUBLIC.FILE_SCANNER(ID, ACTIVE, STATUS, STATUS_MESSAGE) VALUES(3, TRUE, 'running', 'running...')
-- associate files scanner and collections
INSERT INTO PUBLIC.FILESCANNER_COLLECTIONS(FILE_SCANNER_ID, COLLECTIONS_ID) VALUES(0, 1)
INSERT INTO PUBLIC.FILESCANNER_COLLECTIONS(FILE_SCANNER_ID, COLLECTIONS_ID) VALUES(0, 2)
INSERT INTO PUBLIC.FILESCANNER_COLLECTIONS(FILE_SCANNER_ID, COLLECTIONS_ID) VALUES(1, 1)
INSERT INTO PUBLIC.FILESCANNER_COLLECTIONS(FILE_SCANNER_ID, COLLECTIONS_ID) VALUES(2, 4)
-- add file scanner preferences
INSERT INTO PUBLIC.FILE_SCANNER_PREFERENCES(PREFERENCE_ID, FILE_SCANNER_ID) VALUES(0, 0)
INSERT INTO PUBLIC.FILE_SCANNER_PREFERENCES(PREFERENCE_ID, FILE_SCANNER_ID) VALUES(0, 2)
INSERT INTO PUBLIC.FILE_SCANNER_PREFERENCES(PREFERENCE_ID, FILE_SCANNER_ID) VALUES(1, 1)

/* Add Product Cart ******************************************************************************/
INSERT INTO PUBLIC.PRODUCTCARTS(ID, USER_ID) VALUES(0, 0)
INSERT INTO PUBLIC.PRODUCTCARTS(ID, USER_ID) VALUES(1, 3)
INSERT INTO PUBLIC.PRODUCTCARTS(ID, USER_ID) VALUES(2, 2)
-- add product in cart
INSERT INTO PUBLIC.CART_PRODUCTS(CART_ID, PRODUCT_ID) VALUES(0, 0)
INSERT INTO PUBLIC.CART_PRODUCTS(CART_ID, PRODUCT_ID) VALUES(0, 5)
INSERT INTO PUBLIC.CART_PRODUCTS(CART_ID, PRODUCT_ID) VALUES(1, 5)

-- /* Add Action Record Download ********************************************************************/
INSERT INTO PUBLIC.ACTION_RECORD_DOWNLOADS(ID, NAME, CREATED, UPDATED, STATUS, PRODUCT_IDENTIFIER, PRODUCT_SIZE) VALUES(0, 'download', '2014-06-03 15:35:05.037000', '2014-06-03 15:35:05.037000', 'SUCCEEDED', 'prod0', 10)
INSERT INTO PUBLIC.ACTION_RECORD_DOWNLOADS(ID, NAME, CREATED, UPDATED, STATUS, PRODUCT_IDENTIFIER, PRODUCT_SIZE) VALUES(1, 'download', '2014-06-03 15:35:05.037000', '2014-06-03 15:35:05.037000', 'SUCCEEDED', 'prod1', 10)
INSERT INTO PUBLIC.ACTION_RECORD_DOWNLOADS(ID, NAME, CREATED, UPDATED, STATUS, PRODUCT_IDENTIFIER, PRODUCT_SIZE) VALUES(2, 'download', '2014-06-03 15:35:05.037000', '2014-06-03 15:35:05.037000', 'SUCCEEDED', 'prod2', 20)
INSERT INTO PUBLIC.ACTION_RECORD_DOWNLOADS(ID, NAME, CREATED, UPDATED, STATUS, PRODUCT_IDENTIFIER, PRODUCT_SIZE) VALUES(3, 'download', '2014-06-03 15:35:05.037000', '2014-06-03 15:35:05.037000', 'SUCCEEDED', 'prod0', 30)
INSERT INTO PUBLIC.ACTION_RECORD_DOWNLOADS(ID, NAME, CREATED, UPDATED, STATUS, PRODUCT_IDENTIFIER, PRODUCT_SIZE) VALUES(4, 'download', '2014-06-03 15:35:05.037000', '2014-06-03 15:35:05.037000', 'SUCCEEDED', 'prod3', 50)
 
/* Add Action Record Logon ***********************************************************************/
INSERT INTO PUBLIC.ACTION_RECORD_LOGONS(ID, NAME, CREATED, UPDATED, STATUS) VALUES(0, 'logon', '2014-06-03 15:35:05.037000', '2014-06-03 15:36:05.037000', 'SUCCEEDED')
INSERT INTO PUBLIC.ACTION_RECORD_LOGONS(ID, NAME, CREATED, UPDATED, STATUS) VALUES(1, 'logon', '2014-06-05 15:35:05.037000', '2014-06-05 15:35:15.037000', 'SUCCEEDED')
INSERT INTO PUBLIC.ACTION_RECORD_LOGONS(ID, NAME, CREATED, UPDATED, STATUS) VALUES(2, 'logon', '2014-06-07 15:35:05.037000', '2014-06-07 15:35:06.037000', 'SUCCEEDED')
INSERT INTO PUBLIC.ACTION_RECORD_LOGONS(ID, NAME, CREATED, UPDATED, STATUS) VALUES(3, 'logon', '2014-06-13 15:35:05.037000', '2014-06-13 15:35:05.537000', 'SUCCEEDED')
INSERT INTO PUBLIC.ACTION_RECORD_LOGONS(ID, NAME, CREATED, UPDATED, STATUS) VALUES(4, 'logon', '2014-06-14 15:35:05.037000', '2014-06-14 15:35:10.037000', 'FAILED')
INSERT INTO PUBLIC.ACTION_RECORD_LOGONS(ID, NAME, CREATED, UPDATED, STATUS) VALUES(5, 'logon', '2014-06-16 12:35:05.037000', '2014-06-16 12:35:08.037000', 'SUCCEEDED')
INSERT INTO PUBLIC.ACTION_RECORD_LOGONS(ID, NAME, CREATED, UPDATED, STATUS) VALUES(6, 'logon', '2014-06-16 15:35:05.037000', '2014-06-16 15:35:05.537000', 'SUCCEEDED')
 
/* Add Action Record Search **********************************************************************/
INSERT INTO PUBLIC.ACTION_RECORD_SEARCHES(ID, CREATED, UPDATED, NAME, STATUS, SEARCH) VALUES(0, '2014-06-13 15:35:05.037000', '2014-06-13 15:35:05.037000', 'search', 'SUCCEEDED', 'x')
INSERT INTO PUBLIC.ACTION_RECORD_SEARCHES(ID, CREATED, UPDATED, NAME, STATUS, SEARCH) VALUES(1, '2014-06-16 15:35:05.037000', '2014-06-16 15:35:05.037000', 'search', 'SUCCEEDED', 'y')
INSERT INTO PUBLIC.ACTION_RECORD_SEARCHES(ID, CREATED, UPDATED, NAME, STATUS, SEARCH) VALUES(2, '2014-06-17 15:35:05.037000', '2014-06-17 15:35:05.037000', 'search', 'SUCCEEDED', 'z')
INSERT INTO PUBLIC.ACTION_RECORD_SEARCHES(ID, CREATED, UPDATED, NAME, STATUS, SEARCH) VALUES(3, '2014-06-17 15:35:05.037000', '2014-06-17 15:35:05.037000', 'search', 'SUCCEEDED', 'x')

/* Add Action Record Upload **********************************************************************/
INSERT INTO PUBLIC.ACTION_RECORD_UPLOADS(ID, CREATED, UPDATED, NAME, STATUS, PRODUCT_IDENTIFIER, PRODUCT_SIZE, NOTIFICATION) VALUES (0,'2014-06-06 12:35:44.000000', '2014-06-06 15:35:00.000000', 'upload', 'SUCCEEDED', 'prod4', 50, TRUE)
INSERT INTO PUBLIC.ACTION_RECORD_UPLOADS(ID, CREATED, UPDATED, NAME, STATUS, PRODUCT_IDENTIFIER, PRODUCT_SIZE, NOTIFICATION) VALUES (1,'2014-06-06 12:35:44.000000', '2014-06-03 15:35:00.000000', 'upload', 'SUCCEEDED', 'prod5', 150, TRUE)

/* Add NetworkUsage ******************************************************************************/
INSERT INTO PUBLIC.NETWORK_USAGE(ID, DATE, IS_DOWNLOAD, SIZE, USER_ID) VALUES(0, '2014-07-10 17:00:00.000000', TRUE, 2, 2);
INSERT INTO PUBLIC.NETWORK_USAGE(ID, DATE, IS_DOWNLOAD, SIZE, USER_ID) VALUES(1, '2014-07-10 17:00:00.000000', TRUE, 4, 3);
INSERT INTO PUBLIC.NETWORK_USAGE(ID, DATE, IS_DOWNLOAD, SIZE, USER_ID) VALUES(2, '2014-07-12 17:00:00.000000', FALSE, 8, 0);
INSERT INTO PUBLIC.NETWORK_USAGE(ID, DATE, IS_DOWNLOAD, SIZE, USER_ID) VALUES(3, '2014-07-13 17:00:00.000000', TRUE, 16, 0);
INSERT INTO PUBLIC.NETWORK_USAGE(ID, DATE, IS_DOWNLOAD, SIZE, USER_ID) VALUES(4, '2014-07-14 17:00:00.000000', FALSE, 32, 0);
INSERT INTO PUBLIC.NETWORK_USAGE(ID, DATE, IS_DOWNLOAD, SIZE, USER_ID) VALUES(5, '2014-07-16 17:00:00.000000', TRUE, 64, 3);
INSERT INTO PUBLIC.NETWORK_USAGE(ID, DATE, IS_DOWNLOAD, SIZE, USER_ID) VALUES(6, '2014-07-16 17:00:00.000000', FALSE, 128, 3);
INSERT INTO PUBLIC.NETWORK_USAGE(ID, DATE, IS_DOWNLOAD, SIZE, USER_ID) VALUES(7, '2014-07-16 17:01:00.000000', TRUE, 512, 2);